2013年5月14日仙台営業所	４月から仙台に配属されましたS所員です。	<br><br>仙台に来て、K所長に様々な事を教わって日々楽しみながら奮闘しております。<br><br>さて、私はこちらに赴任して全ての事が初体験になりますが、連日続く仙台営業所の忙しさをアピールさせて頂きます。<br><br>写真を見ればお分かりになると思いますが、仙台には沢山の車両が揃えられています。<br><br>この写真は夕方ですが、４時頃にも一時帰庫された方々の車両もこれ同様の状態となっておりました。<br><br>車両の駐車のお手伝いにも奮闘しながら沢山の先輩方の中で、早く仙台の一員となれるよう頑張ります。<br><br>こんな車両の集まる楽しい営業所で私は日々、勉強中であります。<br><br>これからも仙台での沢山の出来事を載せていきたいと思います。<br>皆さん宜しくお願い致します。	
2013年5月2日	滋賀営業所移転！！	2013年4月30日より滋賀営業所が<br>野洲市から近江八幡市へ移転しました。<br><br>住所：〒523-0022<br>　　　滋賀県近江八幡市馬淵町1670番地7<br>ＴＥＬ：0748-38-5333<br>ＦＡＸ：0748-38-5335<br>移転に伴いＴＥＬ及びＦＡＸ番号が変更になりましたのでご了承お願い致します。<br>4月より新卒者2名、山下所員・安部所員が入社し、仲間が増えました。<br><br>新事務所は国道8号線沿いの大きな看板が目印です（*^_^*）<br>なんと目の前は餃○の王将です( ^)o(^ )<br>さらに近くにはマクド○ルド・天下○品など栄養たっぷり(^^♪<br>昨年、入社したＮ所員は1年で15キロ増加ｗｗ<br>さらなる増加が見込まれます(；一_一)ｗ<br>心も体も大きくなり、お客様からのご要望にどんどん応えていきます！！<br><br>今後とも一層のご支援を賜りますようお願い申し上げます。	2013-05-02 16 56 06.jpg	noimage.gif
2013年4月15日	カレーＰａｒｔｙ&#9825;ＣＯＣＯ壱	こんにちわ、東京オフィスのＡです！！<br>『ブログ初挑戦』ですっ（(　´∀｀)）<br><br>今日は題名の通りお昼は『ＣＯＣＯ壱』のカレーでした！<br>『ＣＯＣＯ壱』を食べたのは《初》でしたがすっごくすっごく美味しかったですっ↑↑↑<br><br>そして『ＣＯＣＯ壱』のカレーは、辛さのレベルが選べるらしく、私とＡＯＫＩ課△補佐は辛さＭＡＸのレベル１０を食べました。辛い物好きにはたまらない位美味しかったです！！<br>…しかし…ＡＯＫＩ課△補佐は「食べなければ良かった」と水や氷を口にふくみながら後悔していましたWWW<br><br><br>みなさんもよろしければ是非、是非一度<br>　レベル１０召し上がってみてください～ヽ((*´∀｀)ノ<br>※辛い物が苦手な方は注意してお召し上がり下さいw　	CIMG5162.JPG		noimage.gif
2013年3月20日	2月より千葉営業所！！	東京営業所のD改め2月より千葉営業所のDです。（*^_^*）<br>2月より千葉営業所へ配属となった事を皆さまにお知らせとご挨拶いたします。(^o^)丿<br>思えばワイズ通商（株）東京営業所立ち上げ時代から東京営業所にて勤務（*^_^*）<br>そして、昨年6月より開設した千葉営業所へ今年2月より配属となりました。（●＾o＾●）<br>千葉ニュータウンよりほど近い場所にあり、目の前に2t箱、3tユニックの駐車場を完備、(^o^)丿～TR、大型の車庫は白井工業団地内にありますが、車両台数拡大を考えると手狭となりますのでその時は・・もちろん(；一_一)探さねば。。<br>そういえば、東京Kも同じく今年2月より千葉営業所に配属になり千葉営業所Kとしてガンバっておりますが！！！ZRX1200をなんと手放し(；一_一)バイク乗りを引退・・・早すぎるが・・(-_-メ)・・・もっぱら健康的に歩いております。（ある意味裏切り者です(-_-メ)）<br>私と言えば～愛機CB1300SBと共に相変わらず元気にカッ飛んでおります～(^_-)-☆<br>春の訪れとともに季節を肌で感じる今日この頃です～（●＾o＾●）暖かくなってはきましたが、まだまだ寒暖の差が激しい時期ですので皆さま体調には気をつけてください～(^o^)丿<br>	DSCI0007.jpg	noimage.gif
2013年２月27日（水）	みゆきさん誕生日会	少し遅ればせながら東京事務みゆきさんの誕生日会を催しました！<br>広い事務所にたった三人でのささやかなお誕生日会でした。<br>しかし、誕生日をたたえる賛美歌がこだまし、非常に熱気渦巻くホットな誕生日会となりました。ローソクを吹き消すみゆきさんの非常にセクシーな写真は社外秘です。<br>ご覧になりたい方は是非とも東京へお越し下さい。<br>美味しい珈琲でおもてなしさせていただきます。<br>	miyuking.jpg	noimage.gif
2012年8月29日（水）	本社看板が新しくなりました！	ワイズ通商も6月で11年目を迎え、心機一転<br>会社ロゴを変更し、それに伴い看板を新調いたしました。<br><br>新しい10年の始まりです！<br>さらに飛躍する10年と出来るよう社員共々がんばって参ります。<br><br>今後とも一層のご支援を賜りますようお願い申し上げます。	DSC_0001.jpg
2012年7月31日	ワイズ初！女性リーダー誕生！	※ 祝 ※<br>この度8月1日付をもって、愛知情報センター Aさみさんが、<br>主任を拝命いたします。<br>次世代を担う若きリーダーは、ワイズの更なる発展と<br>躍進を目指し、日々の業務に取り組むことを誓いました。<br><br>今後とも一層のご支援を賜りますようお願い申し上げます。	DSCN1271_R.jpg	noimage.gif
2012年7月14日	新車2台を増車！	平成24年7月14日(土）　大安吉日<br><br>本日、4軸低床平の新車2台が納入されました。<br>10：00本社車庫にて、社長による御祈祷。<br>交通安全・無事故を従業員一同、祈願致しました。	DSCN1186_R.jpg	noimage.gif
2012年6月1日	千葉営業所開設	2012年6月1日(金)にワイズ通商株式会社の新たな営業所である、千葉営業所が開設致しました。<br>詳細は下記の通りになります。<br><br>住　所:〒270-1411<br>　　 　千葉県白井市十余一10番地<br>ＴＥＬ:047-404-6184<br>ＦＡＸ:047-404-6174<br><br>荷物情報、空車情報お待ちしております。<br>担当　大澤まで是非ご一報下さい！<br>	chiba eigyosyo.jpg		noimage.gif
2012年5月1日	仙台営業所開設	2012年5月1日(火)にワイズ通商株式会社の新たな営業所である、仙台営業所が開設致しました。<br>詳細は下記の通りになります。<br><br>住　所:〒985-0844<br>　　 　宮城県多賀城市宮内1丁目1-107<br>ＴＥＬ:022-355-6327<br>ＦＡＸ:022-355-6328<br><br>荷物情報、空車情報お待ちしております。<br>担当　木村まで是非ご一報下さい！<br>	senndai eigyosyo.jpg		noimage.gif
2012年4月1日	岐阜情報センター開設	2012年4月1日(日)にワイズ通商株式会社の新たな営業所である、岐阜情報センターが開設致しました。<br>詳細は下記の通りになります。<br><br>住　所:〒501-6006<br>　　 　岐阜県羽島郡岐南町伏屋3丁目226番地<br>ＴＥＬ:058-214-6613<br>ＦＡＸ:058-245-9775<br><br>荷物情報、空車情報お待ちしております。<br>担当 中林まで是非ご一報下さい！	gifu eigyosyo.jpg		noimage.gif
2012年6月24日（日）	第18回　ワイズ通商 安全大会開催しました！	６月２４日（日） 9:30より碧南市文化会館にて「第18回 安全大会」を開催いたしました。<br><br>「ヒューマンエラー」をテーマに一般輸送、リフト作業などの事故事例から社員一人ひとりが現在の業務、運行を振り返り、考え、学ぶ会になったと思います。<br><br>大会終了後に行った反省会からの意見も参考に、次回は更に意味のある大会にしたいと考えておりますので、今後とも何卒よろしくお願いします。	DSCN0960.jpg
2012年6月23日	東京D＆東京KのFlagship！！	東京営業所のDです。<br>久しぶりにブログを更新します～（●＾o＾●）<br>4月より入社の新人東京Kも私と同じバイク乗りなんです(>_<)。ZRX1200Rを乗り回し（最近仕事が忙しく乗っていないが(-_-;)）<br>本日は天気も良いので仕事を終えてから(^^♪少し走りにいってきます（*^_^*）<br>私のCBは相変わらず元気に走っていますが、東京Kとランデブーは初めての体験・・(>_<)　安全運転で気をつけて走ってきます～では(^O^)／<br>皆さま暑くなってきましたので体調に気をつけて頑張ってください（●＾o＾●）<br>	CB.jpg	noimage.gif
2012年4月23日	Happy Birth Day♪T次長（＾O＾）	今日はわれ等の親父ことT次長の誕生日！<br>おめでとうございます。<br>日頃からお世話になりっぱなしな部下一同ですが、心からお祝い申し上げます。<br>次の一年もお世話になります。そしてシャカリキに付いていきます。<br>写真は鈴木社長より頂いたバラの花束です♪<br>鈴木社長のT次長に対する愛情がたっくさん詰まっていました☆(≧▽≦)ﾉｼ	BirthDay.JPG	noimage.gif
2012年3月5日	coco壱ライス1000gに挑戦	こんにちは、東京営業所のＭ主任です。<br>近頃食欲が増しまして、今日は久々にcoco壱番屋のライス1000gに挑戦しました。<br><br>T次長にベストタイミングを見計らって注文していただけたおかげで、ちょうど12時頃に宅配のお姉さんが届けてくれました。<br>なんと一人前で2,070円･･･<br>カレーの出前でこの額は、初体験です。(無料宅配になるのは2,000円以上からの為やむなし)<br><br>あまりゆっくり食べている時間も無いので時間を気にしながらかき込むこと10分･･･<br>一つ目のライスのパックが終了。そこへ2つ目のライスとカレーを投入。<br>20分程度で完食♪<br><br>ごちそうさまでした（＾人＾）	20120305cocoichi.jpg		noimage.gif
2011年12月14日	K副所長　Happy Birthday	今日は、先日の人事考課で係長から副所長となったK先輩の31歳の誕生日でした。<br><br>毎日が戦場の東京営業所に、ひと時の微笑ましい穏やかな時間が流れました。<br>ケーキを両手に誕生日を祝福されるK副所長。。。<br>なんか良い感じです☆<br><br>次の一年もK副所長にとって、今年以上に幸多き一年になりますように(⌒人⌒)♪	KBirthDay.jpg		noimage.gif
2011年10月29日	「2011東京トラックショー」in　東京ビッグサイト	当社代表鈴木社長よりチケットを頂いたので、さっそくD所長と二人で行って参りました。<br><br>日本の「モノづくり」産業はスゴイ！<br>技術の進化は止まりません！<br>昨今のエコブーム、もうただの流行りだけではありません！<br>どこのメーカーさんもECOを前面に押し出した、電気自動車・天然ガス自動車をPRをしていました。<br>電気自動車の駆動部やそれに付随するエアサスなどのパーツ、またその性能の説明を見て聞いて、食い付きどころ満載でした。<br><br>また、最新の機器の展示ブースでは、カードを必要としないデジタコ(キャビンに付属のカメラを備え付けるもの)や、GPS車輌管理システム、専用端末を用いたオンラインで乗務員点呼アルコールチェックができる機器など、展示されていました。<br>機能性が高いだけにお値段も高いと思われます･･･<br><br>フルハーフさんのブースで展示されていた、総アルミのウィングTRは2軸でバラカン22tの積載が取れていると説明があり、<br>3軸のマナイタにしたらどれだけ積載が取れるかなど、ウィング台車の横で腕組みしながらD所長と二人で想像を膨らました。燃費向上・積載量確保には軽くて頑丈な台車が求められてきますし･･･<br><br>屋外展示場では、大きな車輌の展示が行われていました。<br>全く用途が思いつかない特殊な車輌や、コンボイなども展示されており、興味が尽きませんでした。<br><br>D所長のガイド付きの東京トラックショー、とても勉強になりました。	TRUCKSHOW.jpg	noimage.gif
2011年　10月1日	束の間の休息～	東京営業所のDです。<br>今回は先日営業所の皆で食事に行ったのでそのネタで～(*^_^*)<br>早いもので9月も終わりました。終わってしまえばアッ！と言う間だと感じるのは私だけではないと思います(>_<)<br>最近本当に月日の流れを早く感じます・・・歳をとったからなのか・・・(-_-;)<br>しみじみ感じる今日この頃、肌寒くなる季節が余計に月日の流れを感じさせます(T_T)<br>なんやかんやと9月の戦いが終わり束の間の休息、そして労をねぎらう為に皆で食事へ～いざ！！(^^♪<br>一台の車両にむさ苦しい男4人が乗り込み目的地へ(>_<)<br>営業所からほど遠くない場所にも関わらず道を間違える・・・みのる君(；一_一)<br>雰囲気が良い感じのお店に到着～～味しい料理を堪能いたしました～（●＾o＾●）<br>皆で栄養を蓄え次月の戦いに備えます(*^^)v　では皆さま季節の変わり目に体調など壊さぬように(^O^)／<br>	gohan.jpg	noimage.gif
2011年9月28日	Facebookはじめました！	こんにちは！<br>10月1日から岡崎営業所 営業2課に配属になる秋山◯智宣です！営業2課では主にwebショップなどのインターネット関連の業務を行なっています。<br><br><br>さてここ最近、巷を賑わせている「Facebook」ですが、「乗るしかない、このビッグウェーブに」（元ネタは検索してね！）ってことでワイズ通商もアカウントを作って、マーケティング、求人、広告など様々な用途で使いこなしていきたいと思います。<br>http://www.facebook.com/ys.trade（覗いてみてね！）<br><br><br>とりあえず合間、合間でウェルカムページなんかを作っていますが、自分の手で創り上げていくのって、なんか楽しいですね。オラ、ワクワクしてきたぞっ！<br><br><br>近日中に出来上がるはず（自分次第・・・泣）なのでチェックしてくださいね！	wiseblog.jpg	noimage.gif
2011年9月22日	K係長ラジオ出演	3/11（金）に発生した、甚大な被害をもたらした東日本大震災に被災された方々、及び、そのご家族の方には心よりお見舞い申し上げます。<br>社員一同、被災地の皆様のご健康及び被災地の一日も早い復旧を祈念いたしております。<br><br>社員一同の「助けになりたい」という思いを代表して、救援物資を積み込み被災地へ赴いたK係長。<br>全日本トラック協会様より、被災地へいち早く出向いた代表として、被災直後の状況を見て来たK係長の生の声をより多くの人へ伝えて欲しいと依頼を受け、9月20日に赤坂TBSにて、TBSラジオ「ドライバーズ・リクエスト」の出演をさせて頂きました。<br><br>この放送は10月9日（トラックの日）<br>『全日本トラック協会　特番』<br>関東　TBS　16:00～17:00<br>中部　CBC　14:00～15:00<br>関西　RNC　12:00～13:00<br>の放送になります。<br>（その他地域の放送に関しては、東京営業所までお問い合わせ下さい。）<br><br>この放送により、東日本大震災を振り返り、今一度その事の重大さを感じて頂ければ幸いと思います。	_DSC7340.JPG	noimage.gif
2011年9月20日	『INDY　JAPAN　THE　FINAL』　in　ツインリンク茂木	9月になってもまだまだ熱い!<br>今年で最後のINDY JAPAN。<br>9月12日　成田空港→ツインリンク茂木　<br>9月19日　ツインリンク茂木→成田空港　<br><br>両日共にTR29車にレーシングカー本体とパーツ等の資材を輸送を行いました。<br>本社担当A係長と共に東京営業所K係長と私も当日立会いの為に現地へ赴きました。<br>K係長の動きは凄い。やはり常人ではありません。<br>私はというと午前の部、熱中症でダウン。 K係長のテンカウントもむなしくKO負けでした･･･<br>初めての熱中症でしたが、自身で体験し改めて熱中症の怖さを知りました。<br>今後の業務でもこの経験を活かしながら注意を促していきます。<br>気温の変化が激しい今の時期、皆様も体調管理に気を付けてがんばりましょう～!!	INDY00.JPG		noimage.gif
2011年9月1日	たまや～！！	東京営業所のDです。(^O^)／今回は花火ネタで（*^_^*）<br><br>8月も終わり、秋の足音が近づいてきています。(>_<)<br>夏の終わりを飾るにふさわしく花火を仲間と見てきました(^^♪<br>毎年恒例の地元での花火は昔からかわらず心を和ませてくれます(*^_^*)<br>日本の風物詩、夏の楽しみの一つですね(*^^)v<br>花火と屋台～この組み合わせはたまらなく子供心がうずきますヽ(^o^)丿　いい歳ではありますが・・・^^;　なんせ花火はキレイです～心が洗われます（●＾o＾●）<br>今年は隅田川の花火とかぶった事と天気が良くなかった事が原因で例年より客足は少なかったものの堪能いたしました～(*^_^*)<br>	hanabi.jpg	noimage.gif
2011年8月27日	癒しのアクア	東京営業所のDです。今回は数カ月前より　ハマっているアクアリウムネタで（*^_^*）<br>ストレスの多い現代人(T_T)癒しを求めて、むかしやっていたアクアリウムを再開しました。きっかけは近所のホームセンターでの金魚すくい・・金魚を貰ったのはいいものの金魚鉢が無い事に気づき近所の熱帯魚屋へ走る事に(；一_一)それが間違いの元と気づくのはもっと後のことでした・・が(>_<)。<br>きっかけとなった金魚は1週間で天に召され水槽だけが残る事に・・・(-_-;)だが！そこで挫ける私ではなく熱帯魚屋へ走り癒しのメダカ、癒しのドジョウを飼う事に(*^_^*)～住みやすい居住空間を作ろうと思い水草や壷を買い込みアクアリストの道を歩む事に・・^^;　メダカ、ドジョウ、エビ、などを飼っていたが30cm水槽では狭く・・・とても狭いと私が感じ(-_-;)勝手にですが・・・^^;<br>知り合いに余った水槽が無いか聞いたところ～なんと60cm水槽があるとの事～次の日には頂きに行きました～ゲット！（●＾o＾●）頂いたのは水槽のみでしたので、濾過処置、照明等々は買う事になってしまったが(T_T)<br>そして数日後、友人から60cm水槽が余っているとの事(*_*;　考えはしたが今後の拡張の為に頂く事に(^O^)／嫌な予感はするもののゲット！（●＾o＾●）とりあえずは倉庫へ。<br>元々凝り症の私です、こうなる事は予想していたのですが(*^_^*)<br>癒しの空間が出来あがりました～(^O^)／まだまだ～あれやこれややって行きますのでアップします～～（●＾o＾●）<br>	akua.jpg	noimage.gif
2011/8/18	初ブログ！	東京営業所のＤです(^O^)／。初ブログとなりますが、今回は私の愛車のCB1300SBネタを少し。<br>真夏に単車は暑すぎますが、季節の変化を肌で感じとれます（*^_^*）春夏秋冬の良さ、悪さを味わいながら走る事の醍醐味は一度味わうと癖になります(^^♪その結果～今でも単車に乗っている今日この頃です。<br>あまりの暑さに真夏は乗る事を控えてしまいがちではありますが、もう少しの辛抱です。<br>以前はハーレーの輸送等も手掛ける事がありましたが最近は無い・・・(；一_一)<br>当社の代表もカスタム車を所有しておりますが、比べてしまうと私のCBは・・・です(T_T)<br>まだまだカスタムして行きたいと思っています～～（●＾o＾●）<br><br>今回は自分ネタでした～～(^O^)	IMG_1471.JPG
2011/8/16	今年のa-nation輸送	今年の夏は暑いです!<br>今回はワイズ東京で受け持っている、イベント輸送。<br>かの有名なエーベックスの『a-nation』！<br><br><br>7月30日　「愛媛県総合運動公園　ニンジニアスタジアム」　より始まり<br>8日27日　「東京都　味の素スタジアム」まで<br><br>数十台のTRに機材を乗せて走ってます。<br>私の先輩である係長も現場立会い兼ドライバーで連日連夜飛び回っています。<br>華やかなコンサートの裏には寝る間も無く働いている縁の下の力持ちが沢山いることを知りました。<br>大規模なプロジェクトの一員として、共に仕事ができることを誇りに思います。	a-nation2011.JPG
2011/8/12	これがワイズ東京！	こんにちは。<br>5月より東京営業所勤務になりました、みのるです。<br><br>今回は、ワイズ通商東京営業所を、社内外問わず広く知っていただく為にこの場をお借りして紹介させていただきます。<br><br>見た目は写真の通り。このビルの２F。<br>ここで毎日戦っています。<br><br>当営業所の業務の主軸は重機及び鋼材などの重量物輸送、及び一般物取り扱い。<br>また、東日本大震災に関連する原発タンク輸送、夏季恒例の「a-nation」イベント機材輸送。<br>食品関連まで多岐に渡る。<br>配送エリアは、北は北海道、南は九州まで陸送が主体。<br><br>営業所としては所長・係長を筆頭に業務を行っています。<br>また営業所とは別に経営戦略室を後ろにひかえ、関東を基点とした営業展開を行っており、お客様のニーズに応える事を第一に、安全、迅速、確実の基本を重視し日々品質の向上に勤めております。<br><br>新米社員の私から見た光景は正に戦場。<br>怒声が飛び交うのは当たり前。電話対応一つ、書類処理一つ、言動・思考に至るまでどんな小さなことでも、逐一注意し合う。それだけ仕事に対して熱意を持っているということ。熱いワイズの真骨頂です。<br>「指導は教える事ではなく、教えて出来る様にさせること」<br>上司のこの言葉が、自分に課せられる業務遂行の糧。どんなに厳しくても、それには必ず意味があるということ。<br><br><br>以上、簡易ですが私から見たワイズ通商東京営業所の紹介でした。	IMG_2384.jpg
お久方ぶりです。本社前川です。	花の都大東京	　4月23日、お休みをいただき東京に居る旧友の結婚式に行って参りました。<br>　東京営業所の立ち上げの際の引っ越し手伝い以来の東京でして、プライベートで行くのは小学校4年の頃に親父とディズニーランドに行った以来です。未だになぜ親父と２ショットでディズニーランドに行ったのかがわかりません。<br>　前日の夜には東京に入り、ホテルの横がすぐ歌舞伎町であったため朝方近くまで遊び、当日は『おのぼりさん』と言われるのは承知の上でビル群を見上げながら都会を楽しみ結婚式に出席。写真は式前に丸ビルで美女を発見し、凝視をしているところを友人に激写されたところです。式後は2次会3次会と、終電近くまで飲み、歌舞伎町に戻りまた朝近くまで遊びました。<br>　最終日は、原宿へ買い物をし、午後より浅草を散策。浅草寺で東北の復興、会社の発展、家族・社員・友人・自分の健康を祈願し、墨田公園から輸送にも携わったスカイツリーを見物。<br><br>良いリフレッシュになりました♪	IMG_0246.JPG	noimage.gif
平成２３年４月１日	平成２３年度　新入社員入社式	本日、ワイズ通商に新しい仲間が１２人出来ました。<br>ワイズ通商始めての大卒新入社員。<br>みんな意気揚々と夢と希望を抱き、ワイズ通商に入社してくれました。見ていてとっても清清しい。<br>今後のワイズ通商を背負っていく人材になって欲しい。<br>この１２人の活躍、乞うご期待！！	2011nyuusya.JPG		noimage.gif
2011.3.14	被災地へ２		IMG_2348.jpg
2011.3.14	被災地へ	弊社車輌にて被災地へ向けて発電機３機、飲料水、米、インスタントラーメン、カセットコンロ、毛布、救急箱等々を出荷致しました。物資調達にご協力頂きました皆様に感謝！安全第一無事故で無事届けて参ります！！	IMG_6625.jpg	noimage.gif
2010.11.25	Happy Birthday 常務！	11/25は、Ｍ常務の誕生日でした。<br>ｵﾒﾃﾞﾄ(^0^)∠※ＰＡＮ！｡.:*:･'ﾟ☆｡.:*:･'ﾟ★ﾟ'･:*<br><br><br>ブロブUPが遅くなったのは、写真がUP出来なくて…<br><br><br>さて、ワイズには⑪月に誕生日の人が、まだまだ居ますので紹介しまぁ～す。<br>11/10 伊藤次長　11/22 山本副所長　11/3 私ヘイポー　11/5 安夫さん<br>皆さん、誕生日(^○^)お!(^□^)め!(^◇^)で!(^▽^)と!(^･^)う!<br><br>本社で、11/25当日 Ｍ常務のお祝いをしました☆<br>年齢は、写真のケーキを見て頂ければ分かるかと(*ﾟ0ﾟ)ﾊｯ<br><br><br>私の3☆歳の誕生日。。。唯一プレゼントをくれたのは…<br>旦那でも娘でもなく、実家の父親でした 苦笑っｗｗｗ<br>物は “圧力鍋”です！！<br>ぶっちゃけ、かなり嬉しかったですＯ(≧∇≦)Ｏイエイ！！ <br>でも、冷静に考えると…誕生日にたった①っ貰ったプレゼントが<br>圧力鍋で、大喜びしてる私って…(。-`ω-)…ｵﾜｯﾃﾙかも。。。<br>かなり所帯染みてる…と反省してしまいましたε=(･д･｀*)ﾊｧ…<br>後日、娘は絵と手紙をくれました。ｱﾘｶﾞﾄ♪(*'-^)-☆<br>毎年ですが旦那は、何もくれませんでした(怒｀・ω・´)ﾑｷｯ<br><br><br>⑫月も誕生日が数人おりますので、また紹介します♪♪<br>	CAKE2.jpg
2010.10.29	はじめまして、みのるです。	こんにちわ！<br>10月1日より本社にて配車の勉強をさせていただいています。<br>まだまだわからないことだらけで、もりもり勉強中です。<br><br>プロフィール<br>名前　◆大澤　稔<br>性別　◆♂<br>血液型　◆A型<br>生年月日　◆7月18日<br>年齢　◆25歳<br>趣味　◆ドライブと釣り<br>出身地　◆群馬<br><br><br>写真は先日、偶然行われたプチ歓迎会のしゃぶしゃぶ食べ放題です。<br>笑うのが辛くなるくらい食べて食べて笑いました(≧▽≦)ﾉｼ<br><br>こんな僕ですが、どうぞよろしくお願いしますｍ(＿＿)ｍ	20101029.jpg
2010.9.17		自称、ダイエット中のヘイポーです ☆ヽ(▽⌒*)よろしぅ♪<br>産まれて３☆年経ちますが<br>只今、体重(増）記録更新中　Σ（￣Д￣;）<br>結婚して太り、出産して太り、ワイズで働き出して激太り<br>(ﾉﾟρﾟ)ﾉ ｫｫｫ･･ｫ･･ｫ････<br><br>いぃ加減コレではいけないと“ダイエット”を決意しました。<br>まず“ビリー”を始めました。めっちゃハードで<br>体中が筋肉痛になり、階段の昇り降りも一苦労。<br>効果を信じて２週間・・・全く体重は減りませんヾ(▼ﾍ▼；)ｵｲｺﾗ!<br><br>次は、深夜の通販で一目惚れ☆買ってしまいました。<br>写真の“LEG MAGIC ｃｉｒｃｌｅ”<br>２万円・・・∑o(*'o'*)oｳｵｵｫｫｫｫ!!<br><br>効果は・・・。・°°・(((p(≧□≦)q)))・°°・。ｳﾜｰﾝ!!<br>２万もしたのに・・・(#｀皿´)/ ﾑｶｧｰ!!<br>旦那には“毎日やってる！”と言ってますが<br>洗濯物がかかってます 苦笑っ<br><br>専務に“ダイエットには豆腐がいいゾ！”と勧められ<br>豆腐ダイエットを始めましたが、豆腐があまり好きでない私は<br>１週間で挫折してしまいました (ＴｍＴ)ｳｩｩ･･･<br><br>次は“モヤシがいい”と勧められ、早速モヤシダイエットを始めました。<br>モヤシは好きなので現在継続中 p(´∇｀)q ﾌｧｲﾄｫ~♪<br>でも体重が減っている気配はなく・・・挫折しそうです。<br>(￣△￣)ノガンバレェェェ！！ p| ￣∀￣ |q ﾌｧｲﾄｯ!!<br><br>と言ぅ訳で まだまだダイエットは続きます。<br>∑(￣[]￣；)!ﾎｴｰ!!いつまで続くんだ・・・泣っ泣っ<br>また結果を報告します ┏|￣＾￣* |┛ｶﾞｯﾂﾎﾟｰｽ<br><br>皆さん、スリムになったヘイポーをお楽しみに ♪(*^-^)ﾉ~~<br><br><br><br><br>	reg.jpg
2010.9.4		ようやく、夏休みも終わりました。ﾍ(ё_ё)ﾉ ﾜｰｲ<br><br>社会人になって、1☆年。夏休みなんて・・・(≧ヘ≦) ﾑｩ　と思っていたのですが<br><br>娘が小学生になり、今年から夏休みも他人事ではなくなりました。(ＴｍＴ)ｳｩｩ･･･<br><br><br>今年は、記録的な猛暑です。熱中症で亡くなっている方も多いです。<br><br>外で元気に遊んでほしいですが、子供では加減が出来ない面もあり心配でした。<br><br>が・・・風邪をひくことも、ケガをすることもなく<br>強いて言えば、目が“お岩さん”になったぐらいで<br>無事に夏休みが終わってなによりでした。=*＾-＾*=♪<br><br><br>夏休み中に、以前から行きたかった所へ行ってきました。<br>ここは何処でしょう？<br><br><br><br>　　　　　　　　　ヘイポーでした。(⌒∇⌒)ﾉ""ﾏﾀﾈｰ!! 	ziburi.jpg
2010.8.25	Happy Birthday 鈴木社長！	明日は、社長の３☆歳の誕生日なので<br>１日早いですが事務所でお祝いをしました。<br><br>仕事の為、専務や鈴木部長がいなかったのが残念でした。<br><br>社長、おめでとうございます！<br>来年も、その次も こぅしてお祝いしていきたいです。<br><br><br>４ヶ月振りのブログ更新・・・<br>私、ヘイポーが 初！ワイズブログに参戦しました 笑っ<br>今後、忙しい社員の方々に変わってブログを書いていきたいと思います 照っ<br><br>次は、誰をネタにしよぅかしら。。。<br><br><br><br>	社長0001.jpg
4月11日	JOINTS　custom　bike　show　in　ポートメッセ名古屋	名古屋港区まで日本最大のカスタムバイクショー『JOINTS』に行って参りました。<br>北海道から来てる客や、日本全国からカスタムビルダー、ピンストライパー、タトゥアーティストがブースを出してました。<br>中には知り合いのアーティストや、雑誌でしか見たことのないビルダーも見れたり、プロならではの細工を見れて有意義な１日となりました。<br>写真は岐阜から会場に来ていたハーレーダビッドソンＪＤ！<br>なんと１９３７年製でして、第二次世界大戦の戦火を逃れ今なお走っているという奇跡の１台です。<br>	DCF_0209.JPG		noimage.gif
4/9	チョコボールpresents グルメリポートin滋賀②	大反響の前回より、二週間…早くも第２回目！<br>と、いうわけでやってきた週末、皆様いかがお過ごしでしょうか？<br>今年は桜がなかなか散らないですね。<br>お花見がまだの方は明日が最後ではないでしょうか？<br>さて、昨日行ってきたのはワイズ通商滋賀営業所より車で５分、皆さんご存知、来来亭の本店です！<br>鶏ガラ醤油のあっさりめのスープに浮かぶ背脂。<br>たっぷり入ったネギに中細のストレート麺。<br>老舗の京都ラーメンを思わせる、どこか懐かしい味。<br>小細工無しの完成されたホンモノです。<br><br>昨日は滋賀に来られてた社長と常務、滋賀営業所の所長と主任、私の５人で行ってきたのですが、限定の葱ラーメンが売り切れてて、うちの社長が大変残念そうにしておりました。<br>主任から聞いたのですが、社長は滋賀の営業所に立ち寄った際、必ず来来亭でラーメンを食べて帰るという位、熱烈なファンだそうです。<br>そんな来来亭はもちろん満場一致で<br>★★★★★<br>それでは、また次回、乞うご期待！！<br>	201004091914000.jpg
3/27	不定期連載、滋賀グルメリポート	はじめまして！<br>3/1より滋賀営業所で勉強中のチョコボールこと、ｋan_wiseです。<br>毎週土曜のお昼は所長がお昼をご馳走してくれるのですが、先週はラーメンに連れてってもらいました。<br><br>行ってきたのは２月に守山にオープンした「龍頭（リュウズ）」<br><br>見た目はどっから見ても味噌ラーメンですが、実は魚介とんこつ。<br>なんと鯛からダシ取ってます。<br><br>とんこつベースなのに、まるでそれを感じさせない鯛の力強い味と香り、香ばしいのにほんのり潮が香る、とても印象的なラーメン。<br>ラーメン界に黒船がやってきました！！<br>新しい時代の幕が開いたかどうかはさて置いて、なかなかアリだと思います。<br><br>★★★★☆<br><br>また、来週も見てくださいね～　ンガンンッ	2010032712330012222.JPG
めいどいんじゃぱん	ＡＳＡＫＵＳＡ♪	仕事で東京へ行くことは、非常に多い私ですが<br>プライベートで東京へ行く事はほとんどありません。<br><br>先日、東京へ行く機会がありましたので、<br>「せっかく東京へ行くなら東京らしいところへ・・・」と言う事で、<br>外人さん並みにミーハーとなって東京下町見物をしてきました。<br><br>テレビやアニメの「こち亀」などで雷門の大提灯は知っていま<br>したが、実際に見てみると迫力満点！でした。。。<br><br>雷門を入って、奥へ進んでいくともうひとつ大きな提灯があり<br>そこには雷門とは書いていませんでした。<br>日本人なのに、たぶんその辺の外人さんより日本の事をよく<br>知らない事を知りました。。。。｡ﾟ(ﾟ´Д｀ﾟ)ﾟ｡<br><br>また、機会があれば日本全国の日本らしいところへ探索に<br>いきたいと思っています。<br>	201003281205000.jpg		noimage.gif
3月28日	スカイツリー見てきました	東京スカイツリーが、平成22年3月29日で東京タワーを抜いて<br>日本一の高さになりました。<br><br>この画像は、日本一の高さになる1日前の貴重な画像となりました。<br><br>予定では６３４ｍとなるらしいですね。<br>高所恐怖症の私にとっては、何でわざわざ高い所に人は皆<br>上りたがるのかが不思議です・・・・｡ﾟ(ﾟ´Д｀ﾟ)ﾟ｡<br>	201003281315000.jpg		noimage.gif
三郎君と命名しました	2号機　消滅しました・・・	先日まで、常夏の気分を降り注いでくれていた<br><br>私の机の「癒しアイテム」がついに消滅しました。<br><br>お昼頃に、ファンが止まってしまい・・・そのままEND<br><br>しょうがなく、3号機を購入しました。<br><br>これは、「首ふり機能」や「強弱の設定」が出来るなど<br><br>なかなかのハイテクファンです。<br><br>これで、私のスモーキングライフも完璧です。(＾▽＾)＠＠＠~~~<br>	201002231917000.jpg	noimage.gif
新しい仲間　ヨロシクです。	新人社員入社オリエンテーション　開催	先日のリクナビでの求人で80名余りの応募者から<br>1次面接、2次面接、内定と応募頂いた方と何度も<br>直接お会いして、3月1日より8名の幹部候補を採用<br>する事となりました。<br><br>入社するにあたり、ワイズ通商のDNAを理解してもらう為に<br>バレンタインデーを1日つぶして既存幹部候補生と交流を図り<br>ました。<br><br>本当にアツい（中には単に暑苦しいだけの者も・・・）既存社員<br>に圧倒されるかと思いきや、さすがに80人もの中から残った<br>人達だけあって、新人幹部候補生8名も引けを取らないくらいに<br>アツかったです。。。(＾▽＾)<br><br>３月１日より、各営業所に配属されて業務を始めますので、<br>新しい仲間のアツさにご期待くださいませ。<br><br>また、それに伴い、現在の東京営業所が手狭になりましたので<br>３月中頃までに大きな事務所へお引越しを行いますので、その<br>際は皆様に少し御迷惑をおかけするかもしれませんが、どうか<br>おゆるしくださいませ。<br><br>また、随時お知らせをいたしますので引き続き社員ブログを<br>宜しくお願い致します。　m( _  _ )m 敬具～♪<br>	201002141548001.jpg	noimage.gif
ビーフシチュー食べました　（＾－＾）	「うまいっ！」　宮川大輔風で・・	ワイズ　フードライターのMです。<br><br>先日、本社近くの　ちょいとシャレた店にビーフシチューなるものを食してきました。<br><br>私の中ではビーフシチューというのは、グラタン皿みたいな少し深い入れ物にニンジンやジャガイモなども一緒に入っているものだと思っていました。。。<br><br>社長、専務からの「超おいし～ヨ♪」と聞いていたのですが、実際目の前に出てきたビーフシチューは、なんと「お皿」に乗っかっていました。。。<br><br>食べようとフォークを刺してみると。。。「超　やわらかぁ～い」<br>ではないですか！　<br>これは、お箸でも切れるほどの柔らかさでした。<br><br>ん～マンダム！　とってもおいしかったです。。(＾▽＾)<br><br>ビーフシチューは、お皿にのっているものだという事を理解した<br>フードライターのMでした。。。(*´д`*)<br>	201002131240000.jpg
プリンの画像　ですぅ	回転寿司　その②	こうきゅーぷりんの画像も載せときますね。<br><br>見た目より、なかなかおいしかったですよ<br><br>魚魚丸　サイコー　(* ^ーﾟ)ﾉ　<br>	201002082050000.jpg	noimage.gif
前川所長　御満悦～&#9825;	お寿司、回りました。。。	近所の回転寿司へ行ってきました。。。(＾▽＾)<br><br>専務、前川所長、新人秋山君と私でおなかいっぱい寿司を食べちゃいました。。<br><br>中トロも絶品(*‘ω‘ *)<br>あぶりさーもんも美味(*‘ω‘ *)<br><br>調子に乗って、デザートのプリンまで完食して、さぁ　お勘定！<br>なんと　￥１２０００円也　｡ﾟ(ﾟ´Д｀ﾟ)ﾟ｡　高い～　<br>でした。。。　ちゃんちゃん<br>	201002082049000.jpg
有名人に会ってきました～	生・　河村たかし　( ﾟДﾟ)σオー	2月5日、名古屋テレビ塔４Fの展望レストランを貸し切って<br>「辰己琢朗のワインの夕べ」（多少違うかも・・・）などという会へ<br>行ってきました。<br><br>サプライズゲストとして、河村たかし名古屋市長が参加！<br>テレビでよく見る「河村節」を生で見ちゃいました(＾▽＾)<br><br>メインゲストの辰己琢朗さんの影がかすんでしまってました。。<br><br>長野県産の高級なワインが次から次へと出て、とてもセレブな<br>感じのパーティーとなってましたが。。。私たちテーブルだけは<br>駅前の居酒屋状態になって、みんな泥酔して他の客に絡んで<br>皆から白い眼で見られてました。。。<br><br>やっぱり、こういうセレブな感じは肩がこります。。。<br>疲れちゃいました。。｡ﾟ(ﾟ´Д｀ﾟ)ﾟ｡<br><br>帰り際に、近くの公園から名古屋のテレビ塔を見るとなんだか<br>とてもやさしい気持ちになりました。<br>こういうところは泥酔した酔っ払いよりも、恋人と来るべきですね<br>みなさんも一度恋人と来られてみてはいかがでしょうか？<br>とてもキレイですよ(*‘ω‘ *)ぃゃん<br>	201002051824000.jpg
はじめての経験・・・	新幹線とまりました・・・	成田へ出張し、そそくさと帰ろうと一番早い電車を乗り継いでなんとか在来線から新幹線へ・・・<br><br>乗り換え時間がほとんど無かったために「超ダッシュ！」で乗り換えセーフ　(*´д`*)フゥ～<br><br>さぁ、名古屋へ向かってLET'S　GO！<br><br>・・・　？　ん　　扉が閉まらないのは　何故？？？？<br><br>しばらくすると、車内放送で沿線火災のために架線が切れて停電したので運転見合わせ・・・　復旧のめどはたたないですと・・<br><br>オ～マイ　ゴッド　｡ﾟ(ﾟ´Д｀ﾟ)ﾟ｡<br><br>世界に誇る新幹線。　すぐに回復してくれるだろうと思って<br><br>30分・・1時間・・2時間・・・　ん～　さすがに疲れてきた。<br><br>あまりにもヒマなのでホームに停車していた新幹線をパシャり<br><br>今日から僕は「鉄郎くんデビュー」です。。。<br><br>その横で、本物の鉄郎くんが私に向かって敵視のまなざしで<br><br>威嚇しているではありませんか・・・　え～い　負けるものか！<br><br>鉄郎くんを撮ってやる～！　　本物の鉄郎くんに勝利しました。<br><br>( ﾟДﾟ)σε≡≡ﾍ( ´Д`)ﾉ　←本物鉄郎くん<br><br>と、遊んでいるうちに、4時間遅れで新幹線復活です。<br><br>たのむぜ、技術大国　ニッポン！！　と小声でつぶやいた私でした。	201001291521000.jpg
1月10日、11日	大面接会　開催	幹部候補を今回リクナビネクストという求人媒体を利用して幅広く希望者を募りました。<br><br>予想以上の大反響で、少し戸惑いました。。。。(＾▽＾)<br><br>本社、滋賀、東京の３会場で応募者全ての方と直接お会いしました。<br>とても情熱を持たれた方ばかりで、面接をしているこちらもパワーをいただきました。<br><br>今回の面接会で、新たにワイズ通商の仲間が増えます。<br>また一段とエネルギッシュなワイズ通商に進化します。<br><br>御期待下さい。<br>	noimage.gif		noimage.gif
初詣	願いが叶うよ～	明けましておめでとうございます。<br><br>数年前に偶然通りかかった時に見つけたマル秘スポットを<br>紹介します。<br><br>毎年、仲間達と大勢で知多半島にある「恋の水神社」へ初詣<br>に行っています。<br>参拝に来ているのは、ほとんど若いカップルや女の子同士で<br>私たちのような老若男女の集団は浮いた存在です。<br>恋愛の神様が祭られている神社なので、恋愛が成就すると<br>口コミでうわさが広がっています。<br><br>しかし、家族の健康や仕事、夢の成就なども効果絶大です。<br>初詣の際は、無料のこぶ茶が絶品です。<br>みなさんも来年は1度行ってみてはいかがでしょうか(＾▽＾)	201001021641000.jpg
新年　出陣式！！	明けましておめでとうございます	皆様、新年明けましておめでとうございます。<br><br>今年も旧年同様のご愛顧をお願い申し上げます。<br><br>年明け、1月4日に年頭出陣式を開催しました。<br><br>寒空でしたが、今年の繁栄を天気も後押しするような日本晴れ<br><br>でした。　皆、新たな気持ちで今年も1年無事故でいくぞ！と<br><br>気合い十分でした。<br>	201001041256000.jpg	noimage.gif
年末　大納会　④	俺も成長したぞ！	ちっちゃいことは気にしな～い　ワカチコ～　(*‘ω‘ *)<br><br>来年もやるぞ～　щ(ﾟДﾟщ)ｶﾓｫｫｫﾝ<br>	200912261704000.jpg
年末　大納会　③	よくやった！	グッジョブ！！(*´д`*)<br>	200912261709001.jpg
年末　大納会　②	俺も頑張った！	みんな、「男前！」でした。　（＾－＾）<br>	200912261704002.jpg
年末　大納会	皆、一年がんばりました！！	毎年、1年に1回だけ自分自身を許し、仲間を称える「大納会」<br>を開催します。<br><br>裏を返せば、1年間その日以外は自分自身や仲間にも厳しく<br>業務に取り組んできたと言う事です。。（＞＜；）<br><br>皆、1年を振り返り、涙がこぼれてきました。<br><br>泣きながら、1年を振り返りながら自分自身や仲間を称える<br>姿を見て、他の仲間も一緒に「もらい泣き」というより号泣でした<br>	200912261703000.jpg	noimage.gif
今年も一年ありがとうございました		平成21年も残すところ、あと1日となりました。<br><br>みなさんのおかげで、良い1年となりました。<br><br>来年もよろしくお願いします。<br><br>m(__)m　m(__)m　m(__)m　m(__)m　m(__)m　m(__)m　m(__)m<br>	noimage.gif	noimage.gif
にくじゅう～　	焼肉なのにステーキ？	先日、社長とお客様同行で焼肉に行ってきました<br><br>ワイズ社長のおススメ！と言う事で、厚切りロースを注文！<br><br>しばらくすると・・・　お～っと、これは焼肉では無い！！<br><br>厚さはゆうに２ｃｍは超えているじゃありませんか？<br><br>どう見ても、これは夢にまで見た「厚切り　ステーキ♪」<br>テレビで見たことのある「ミディアムレア」という焼き方で<br>美味しく頂きました。<br>ん～、ステーキというのは　こういうモノなのですね・・・(＾▽＾)<br>	200912182022000.jpg
12月9日	結石	どうも前川です。<br>去年も患いました、腎臓、尿路結石が今年もやって参りました。月曜日の午後から昨日１日、自宅にて療養しておりました。<br>未だに石が流れません。<br>写真は病院で撮ってもらったエコーで、左右の中央のあたりが腎臓で、左は僕のナイス腎臓。<br>右側の真ん中が黒くなっているのは腫れている証拠らしいです。<br>激痛ですよ。自宅で一人で唸っていました。<br>皆様も一度どうですか？	DCF_0180.JPG		noimage.gif
なますて～	カレー♪	生まれて初めて本格インドカレーを食べちゃいました<br><br>店員さんに（本物インド人？）たどたどしい(ｏ￣∇￣)口調で<br><br>「ライスにしますか？ナンにしますか？」と聞かれたので<br><br>迷わず、　「　ライス！　」と言ってしまいました。<br><br>実は私、本格インドカレーを食べた事が無かったので<br>ココイチのカレーを想像して、<br>「カレーと言ったらライスしかないでしょ！」と思って即答したら<br>料理が出てきてビックリ！　ライスに合わない・・・・NO～！！<br>連れの方がナンを注文していたので少しもらって食べたら<br>う～ん、おいしい！！！　ナンがBEST！<br>今後は絶対にナンを注文するぞ！と決意したのでした・・・（泣）<br>	200912011244000.jpg	noimage.gif
ガッツ！のある人　		当HPにある「リクルート欄」の内容を変更しました。<br><br>・営業事務<br>・トレーラー乗務員<br>・大型乗務員<br>・構内作業員<br><br>たくさんの応募を待ってます。<br>	noimage.gif
バギー　楽しいですぅ～		今年の夏に浜辺で乗って遊ぼうと4輪バギーを購入したのですが結局乗る機会が無かったので先日近くをウロウロ乗りました<br><br>この4輪バギーはノーヘルで一般道路を走行可能なのです！<br><br>サイコー速度は、体感速度はマッハを超えているのですが<br>現実は４０ｋｍぐらいしか出せません・・・｡ﾟ(ﾟ´Д｀ﾟ)ﾟ｡<br><br>今年は暖冬との予報ですが、雪が積もったら遊ぼうと思ってま～す。<br><br>みなさんも一度どうですか？？<br>	200911151412000.jpg
11月19日	福島名物　からしタンメン！！	福島白河へ出張で行ってきました～　（＾－＾）<br><br>なにか名物は無いかと探したところ、どうやらラーメンが名物！<br><br>これは、「　ちゃ～んす！　」と　思い、大好きなラーメンを食べて<br><br>きました　(*‘ω‘ *)　美味しかったっす。<br><br>食べるのに夢中で、結局写真は撮れませんでした。。。泣<br><br>しかし、お店から名刺をもらってきましたのでUPしときます。<br><br>「からしタンメン」のタンメンって何なのでしょう？<br><br>何かの略なのでしょうか？　よくわかりませんがウマかったデス<br><br>	200911201918000.jpg	noimage.gif
11月1日	ボーリング大会	毎年恒例のボーリング大会が開催されました。<br><br>社内でも腕自慢がスコアを競い合いました　（＾－＾）<br><br>女性事務員さんも、子供さんに協力を得て奮闘しました～<br><br>	200911011033001.jpg		noimage.gif
9月23日	知ったかぶり？？？	ワイズ通商は本社が愛知県碧南市にあり、東京、滋賀・・・と<br>数多くの営業所があります。<br><br>その中でも「滋賀営業所」は本社に次いで2番目に古い営業所<br>となっています。<br><br>その滋賀には日本でも珍しいモノがたくさんありますが、<br>先日のブログでも紹介したユルキャラ王者の「ひこにゃん」や<br>日本３大珍味でも知られる「鮒ずし」などが有名です。<br><br>しかし、現在大ブレイクしているのが「知ったかぶりカイツブリ」<br>というギャグアニメが滋賀限定でヘビーローテーションされて<br>います。<br>このアニメは滋賀県人にとっては、ごくごく普通のあたりまえの<br>出来事が他県の方々には物珍しく写る様を歌に仕立ててあり、<br>マジにおもしろいですｗ<br>http://www.fujiigumi.com/kaitsuburi/index.php<br><br>一度、みなさんおなかを抱えて笑ってください。<br>エンタやレッドカーペットなんて目じゃナイッス。<br>マジウケル事間違いなし！！　　超おススメです(＾▽＾)<br>	roken.jpg	noimage.gif
9月22日（火）	新記録！	回る回るお寿司屋さんでの出来事です。<br><br>おいしくお寿司を食べていくと、どんどんお皿がいっぱいに<br><br>なってきたので、<br><br>お皿を重ねていった結果62枚のお皿を積み上げる事に<br><br>成功しました。その瞬間記録が誕生しました。<br><br>そして写真はワイズナンバーワンの<br><br>食いしん坊青木課長です。<br><br>この記録やぶれるかな？<br><br>次回はあなたからの挑戦をお待ちしております。<br><br><br><br>田渕	090922_2007~01.jpg	noimage.gif
レースカー　運びました。	インディー	前回のモトGPもワイズ通商がレースに使用するバイクを輸送したのですが、今週末に開催されるインディーに出場するレースカーも運んじゃいました。<br><br>ワイズ通商のトレーラーがレースに使う車両を運ぶ姿に<br>ついつい見とれてしまいました。。。。。<br><br>安全への取り組みで今回のレースカー輸送を特集していますのでよろしければ是非見てください。<br>	2009091415480000.jpg
９月１６日	ユルきゃら～★♪	日本を代表するユルキャラ　「　ひこにゃん　」に会ってきました<br><br>彦根城のマスコットとして現在大ブレイク中です。<br><br>彦根市内に四番街スクエアというスポットがあるのですが<br>その中心に「ひこにゃん」の石像が祭られています。<br><br>滋賀県には、ひこにゃん以外にも「知ったかぶりかいつぶり」<br>といったユニークなキャラがたくさんいています。<br>私の地元でもある「滋賀県」は今後大注目のホットエリアです<br><br>みなさん一度滋賀県へ　遊びにいってみてくださいね～<br>	200909151514000.jpg		noimage.gif
９月１４日	２号機完成！	自称、ブログ管理人の初号機Mです。<br><br>私の机で先日まで小さなミニ扇風機が活躍していましたが<br><br>ついに寿命を迎えて、大往生されました。。。（泣）<br><br>そこで急遽緊急招集をかけて２号機が登場しました。<br><br>常夏の雰囲気がとても心地よいミニ扇風機で仕事も快調？<br>	200909140830000.jpg	noimage.gif
９月１２日	極楽でございます	システムの久納です。<br><br>朴葉(ほうば)味噌ってご存知ですか？<br><br>岐阜の郷土料理で<br>牛肉やネギなどを入れて火であぶって食べます。<br>これをご飯と一緒にかっ込むと、少し焦げた味噌と相まって<br>それはもう極楽なのであります。<br><br>そんな訳で昨晩は極楽なのでした。<br><br>自分はどこかへ出かけたとき<br>なるべくその地にちなんだものを食べるようにしてます。<br>郷土料理っていいですよね。<br><br>浜松でうなぎバーガーを食べて<br><br>( ；＾ω＾)<br><br>こんな顔になったことがあるのは、ここだけのヒ・ミ・ツ。	20090912.jpg		noimage.gif
９月　２日	クマーーーーー！！	システムの久納です。<br><br>現在、某コンビニで特定のお菓子を2つ買うと<br>リラックマのファイルがゲットできる粋な企画が進行中。<br>5種類の絵柄が用意され、いつもすぐに無くなってしまう逸品。<br><br>某コンビニにたどり着くと、3種類が残っている。上出来だ。<br><br>突然目の前におばさんがあらわれた！<br><br>おばさんはリラックマファイルを奪い取った！<br><br>おばさんはやさしくほほえみかけた！<br><br>おばさんは逃げ出した！<br><br>ああ、残ったのは1枚だけ・・・<br>その１枚をゲットしました。<br><br>誰か胸元を貸してください。<br>そこで泣きます。	20090902.jpg	noimage.gif
8月31日（月）	晩御飯	今日はカレーライスを作りました。<br><br>と言ってもインスタントですが・・・おいしく頂きました。<br><br>この前購入した「ぞうさん」のしょう油さしも一緒です～<br><br><br><br>田渕<br><br>	090831_2158~01.jpg	noimage.gif
8月29日（土）	大好物～	今日は大好きな大好きなコロッケを作りました。<br><br>ちょっと量を作りすぎてしまったので、<br><br>明日もコロッケ食べます。てか毎日でも食べます～<br><br><br><br>田渕	090829_1927~01.jpg	noimage.gif
８月２９日　昼休み	出たな、余分三兄弟！	システムの久納です。<br>3年前に10kg以上のダイエットをして、体重はキープ状態。<br>しかし！そんな努力を踏みにじるヤツがいる！<br><br>そいつの名前は「ロールちゃん」<br><br>余分三兄弟めー。かわいい顔して、なんて手強いんだ・・・<br>成敗してくれる！<br><br>モグモグ、ムシャムシャ・・・ウホ！<br><br>・・・だ、だめじゃん！！<br><br><br><br>・・・超すき。	20090829.jpg	noimage.gif
８月２８日	親バカで・・・	久納と同じく八月から入社した山本です。<br><br>ブログ・・・<br><br>ブログ・・・<br><br><br>・・・<br><br><br><br>とりあえず子供の画像アップします（笑）<br><br>小学校４年生と２年生の息子がおります。<br>サッカーとフットサル三昧の小猿たちです。<br>画像は上の子が名古屋オーシャンズ（知ってる？）のホームグラウンドのオーシャンアリーナで行った大会決勝戦です。<br>結局負けましたが（笑）<br><br>子供の試合に一喜一憂、感動で涙ぐむ親バカコーチなのでした。<br><br>	3.jpg	noimage.gif
８月　２７日	初めて登場！	　初めてBlogに登場、今月から入社しました久納と言います。システムの仕事をしてます。<br>　現在はほとんど本社に出社しており、毎朝１時間半かけて名古屋から来ています。<br>　１ヶ月足らずというのに、出勤中に驚くほどたくさんの事故現場に遭遇しました。乱暴な運転をする人が多い道で、運転が得意でない自分はいつもビクビクしながら出勤してます。「交通事故に気をつけて」という言葉は誰もが何度も言われてると思いますが、あえて言う。<br>　「交通事故には気をつけよう」	20090827.jpg	noimage.gif
8月27日　吉日	HAPPY♪　バースディー	１日遅れとなりましたが（　正確には８月２６日誕生日です　）<br>ワイズ通商株式会社代表取締役　鈴木社長の誕生日でした。<br><br>サプライズで、本日皆から心のこもったバースディーケーキを<br>プレゼントしました。<br><br>社員一同より<br>「　社長　誕生日　おめでとうございます！　」	200908271019000.jpg	noimage.gif
8月26日	鏡は全てを映す！	先日、専務の提案で事務職全員の机に手鏡を置くことにしました。<br><br>「笑う門には福来たる」とワイズ七信条にもあるように<br>例え業務中であっても笑顔を忘れることのないように、<br>常に自分自身を見つめることを実践することにしました。<br><br>例えトラブルであっても、常に「平常心」を忘れることなく業務に<br>取り組めるよう鏡を自分自身の机に置いて業務する事になりました。<br><br>中にはフェミニストもいるので自分を見てうっとりする者もいたりして・・・・(*´д`*)ウットリ～	200908261157000.jpg	noimage.gif
8月13日	配車マン会議	8月13日に配車マン会議が開催されました。。。<br><br>東京、滋賀、本社、運輸部、輸送部、営業部　etc。。。。<br><br>配車係および担当者、責任者が集まり激論を交わしました<br><br>白熱した会議でした。。<br><br>一層のサービス向上に向けて邁進しますのでご期待ください	200908121031000.jpg		noimage.gif
真夏日	夏のおもひで～♪	真夏のやっさん（後姿）です～<br><br>哀愁がただよってますな～<br><br>後にちっちゃく写っているのが、みっち～です<br><br>夏のおもひでの1枚　　ふぉとぐらふぃ～でした。。。。<br>	200908131451000.jpg		noimage.gif
安全大会　その⑤	決意！	第12回安全大会も無事終了し、各自安全への意識が高まりました。<br><br>恒例の　「　がんばろう三唱！　」で大会を締めくくりました。<br><br>	CIMG3239.jpg
安全大会　その④	新しい試み	今回は、パワーポイントを使ってプロジェクターに映し出すという<br>新しい試みを行いました。<br><br>従来は各自に次第を含めた大会資料を配布していたのですが<br>今回は紙の資料を無くし、大会の進行をサプライズ形式で進行<br>しました。<br><br>皆、次は何なのか興味津々で集中力がとても高くなりました。	CIMG3207.jpg	noimage.gif
安全大会　その③	激アツ！　専務！	安全や無事故に対する気持ちは誰よりもアツい！<br><br>厳しい言葉の中にも思いやりが・・・<br><br>アツくて、COOLな専務でした。<br>	CIMG3163.jpg
安全大会　その②	激アツ！　社長！！	<br>激アツな社長から皆へ熱弁！<br><br>	CIMG0177.jpg
８月１３日	第１２回　安全大会　開催	お盆休み前に全乗務員を集めて、安全大会を開催しました。<br><br>年間４回～６回程度開催していますが、回を増すごとに安全<br>への意識が高まっています。<br><br>皆、単なる傍聴者ではなく安全大会に個々が参加していました<br>良い緊張感で進行しました。	CIMG3227.jpg		noimage.gif
7月25日　	カレー記念日&#9825;	ひさしぶり登場のまえかわちゃんです。。。<br><br>今日は僕の大好物「カレー」を食べにいきました。<br><br>とんてきカレーを注文！！<br><br>ん～微妙な味付けにもやもやしながら５００ｇを完食しました。<br><br>カレーは飲み物です。。　　まえかわちゃんでした。	カレー090725_123314.jpg
7月19日　	夏だ～　海だ～　LET'S　GO	久しぶりにみんなで海にいってきました～<br><br>夏の間は毎週ほとんど海にいってますので、みなさんも一緒に<br>いかがですか？<br><br>日頃のストレスも海で解消！！<br>	ジェット719_131755.jpg
ドライブ日和～♪	愛車紹介します～	愛車のミニク～パ～君を紹介します<br><br>かなり古い年式のク～パ～君ですが、とても快調に毎日走って<br>くれています。。。。<br><br>ただ、夏は少々苦手みたいで多少オーバーヒート気味になるのがまたカワイイところでもあります。。<br><br>これからも長く付き合っていきたい愛車でした。。。<br>初号機パイロット　M	Image163.jpg	noimage.gif
ツーリングの途中で。。。	事件ですよ　②	ツーリングの途中に　なんと！！！<br><br>田渕がカンバンになって登場しました。<br><br>こんなところでメジャーデビューしていたとは。。。。<br><br>	Image146.jpg
	ツーリング　画像追加　その③	うなぎ屋さんへ向かうバイク集団。<br><br>風になりきってました。。。（＾＾）＊＊＊＊＊＊＝3<br><br>	Image139.jpg
	ツーリング　画像追加　その②	浜名湖近くの海岸での1枚。<br><br>見渡す限りの白砂浜でした。<br><br>ん～。。　ツーリングじゃなくて恋人同士で来る場所ですな。。<br><br>ちなみに、写っているのは　田渕君と謎の美女です。。<br><br>興味のある方はぜひワイズ本社事務所へお越しくださいね。<br><br>	Image149.jpg
	ツーリング　画像追加	途中、豊川の某レストランで「冷やしきしめん」を注文。<br><br>これがまた激ウマ！！でした。<br><br>	Image141.jpg	noimage.gif
6月27日	ワイズツーリング大会　開催！！	絶好のツーリング日和　（＾＾）／<br><br>ワイズツーリング大会が開催されました。<br><br>碧南市を出発　～　豊川にて小休止　～　浜松ビーチ　を経て<br><br>浜松のうなぎ屋さんで目的のうなぎを食べて大満足（＾＾）<br><br>とても楽しいツーリング大会となりました。<br>次回開催は未定ですがみなさんの参加をお待ちしています。	Image145.jpg	noimage.gif
6月24日	画像追加　その②	CEO　SP　マシーンの画像を追加します。<br><br>かっちょええですが、コケたら大変そう。。（＞＜；）<br><br><br><br>撮影者　M　（初号機パイロット）	Image130.jpg	noimage.gif
6月24日	画像追加	CEO　SP　マシーンの　追加画像です。。。<br><br>マジかっちょええですよ。<br><br>みなさん一度見に来てくださいね～～<br><br><br>撮影者　M	Image129.jpg		noimage.gif
6月24日	らいだ～1号	ワイズツーリング倶楽部に加入するべく、<br>極秘裏に開発された超新型す～ぱ～ばいく初号機を入手しました。<br><br>これで皆の視線を一人占めです。。。（＾＾；）<br><br>ちなみに最高時速は「暴走モード」で４５ｋｍぐらいです～<br><br>初号機パイロット　M<br>	Image777.jpg	noimage.gif
６月１６日（火）	事件ですよ！！	昨日、家に帰ったら玄関の壁に彼（ゴキブリ）がいました。<br>今の家に住んで一年になりますが、今まで彼とは全く接触がなく、安心して暮らしていたのに・・・。<br>何も武器がなく、どうする事もできない僕はビクビクしながら眠りました。<br>早速撃退道具を買いに行ってきます。<br>	090617_0040~01.jpg
６月１６日（火）	お好み焼きパーティー	専務家でお好み焼きパーティーが開催されました。<br>非常においしくいただきました。<br>写真は関西風チーズのせお好み焼きです～<br><br><br><br>撮影　田渕	090616_2117~01.jpg	noimage.gif
６月９日（火）	焼き肉	先日、専務家のベランダにて焼き肉パーティーをしました。<br>メインは安夫さんが買ってきた滋賀県産のホルモンです。<br>油たっぷりホルモンで非常に美味しくいただきました。<br><br><br><br>田渕	090608_2057~01.jpg		noimage.gif
６月８日（月）晴れ	Ｔシャツ	やっとできました。ワイズＴシャツ。<br>うれしすぎて早速着ちゃいました～<br><br><br>モデル田渕	CIMG0211111.JPG		noimage.gif
６月６日（土）晴れ	ツーリングクラブ結成	本日めでたく我がワイズ通商にツーリングクラブが誕生しました。<br>バイカー８名がおり、サイドカーにはもちろん青木さん。<br>バイク好きな方一緒にツーリングいきませんかぁ～<br><br><br>田渕<br>	ls80max-img600x401-124245512060g45o69806.jpg		noimage.gif
５月３１日（日）　よい天気	プロゴルファー哲	本日は非常によい天気でして、ゴルファーの私は<br>コースデビューしました。<br>コースと言ってもショートコースでして、<br>他の方に迷惑をかけないようにと思い、<br>必死で走りました。<br>ボールは２つしかなくしませんでしたよ。<br>大変気持ちのよい休日を過ごしました。<br><br>田渕<br>	goruhu.JPG
５月３１日	自己記録更新	またまた行って参りました。地元琵琶湖。<br>６２センチの大物。<br>自己記録更新でございます。<br><br>前川	bass2.JPG		noimage.gif
2009/5/29	いい思い出でした。	　夏にはムキムキになっている田渕さんに画像を掲載するように言われたので・・・<br>私がハマっている漫画「あひるの空」です。バスケットボールを題材にしています。私もバスケットボールをしていますので、学生時代の部活を思い出します。<br><br><br>濱田	ahiru.jpg
５月２９日（金）晴れ	トレーニング	夏に向けて筋トレを行っています。<br>このままいけば夏にはムキムキになっている予定です。<br><br>田渕	090528_2112~0111111111.JPG		noimage.gif
５月２９日	前回のが消えてしまったので･･･	前川でございやす。<br>前回アップした分が消えてしまったのでもう１回書きます。<br><br>31日は地元滋賀の琵琶湖でまたまたバス釣りにいってきます♪<br><br>前川<br><br>次は肉体改造中の田渕主任です<br><br>	090503_115705.JPG	noimage.gif
５月２８日（木）　ちょい雨	最近ハマっているモノ	親友に頂いた「蒼天航路」の本にハマっています。<br>歴史には興味がなかったのですが、<br>読んでみると意外とおもしろい。<br>まだ４巻目で続きが気になるので<br>続きを読んできまーす。<br><br>田渕でした<br><br>	soutenn.jpg
５月２７日（水）	はじめまして	こんにちは。本社営業所の「田渕哲也」２７歳です。<br>初ブログ書きます。<br>簡単に自己紹介をします。<br>1981年11月8日京都府生まれ<br>2005年ワイズ通商に入社<br><br>さて早速今日の僕のランチを紹介します。<br>めっちゃおいしかったです。<br>大体毎日こんな物を食べていますよ～<br><br><br>	obennto.JPG	noimage.gif
平成21年　ゴールデンウィーク　明け	変な日焼け	配車係の「　まえかわ　」です。<br>ＧＷで琵琶湖に釣り（コンパ？）に行った際に<br>変に日焼けをしてしまいました。（＞＜；）泣～<br><br>まえかわ　でした。。。。。<br>	Image123.jpg		noimage.gif
